id|imageFile|creationDate|locationIP|browserUsed|language|content|length
1236950581248||2011-09-15T00:45:16.684+0000|41.138.53.138|Internet Explorer|uz|About Armasight Spark CORE Multi-Purpose Night Vision Monocular, n was at a Hermética conAbout Benjamin 397 Air Rifle (.177), he commercial |140
3||2010-03-13T07:09:50.101+0000|88.80.236.34|Internet Explorer|uz|About Armasight Spark CORE Multi-Purpose Night Vision Monocular, of 6 and 12, but choAbout Horizon Fitness T101-04 T|116
2061584302084||2012-08-19T08:58:52.835+0000|192.101.113.232|Internet Explorer|uz|About Armasight Spark CORE Multi-Purpose Night Vision Monocular, born May 16, 1979About Schwinn |96
1649267441688||2012-03-27T18:12:45.834+0000|31.222.89.32|Internet Explorer|uz|About Armasight Spark CORE Multi-Purpose Night Vision Monocular, sical piano between the age|92
1786706395168||2012-04-20T09:13:00.607+0000|195.38.22.117|Internet Explorer|uz|About Armasight Spark CORE Multi-Purpose Night Vision Monocular, gh singles ranking of # 6About Adv|99
1236950581288||2011-09-14T00:25:12.960+0000|119.59.101.23|Internet Explorer|uz|About Armasight Spark CORE Multi-Purpose Night Vision Monocular, achieved his career-higAbout Victorinox Swiss Ar|113
824633720888||2011-02-18T21:06:10.532+0000|62.68.60.157|Internet Explorer|uz|About Armasight Spark CORE Multi-Purpose Night Vision Monocular, studied classical piano between theAb|102
1786706395207||2012-04-11T12:54:07.336+0000|84.237.168.120|Internet Explorer|uz|About Armasight Spark CORE Multi-Purpose Night Vision Monocular, nos Aires, ArgeAbout |86
1236950581328||2011-09-23T14:31:09.582+0000|79.126.243.14|Internet Explorer|uz|About Armasight Spark CORE Multi-Purpose Night Vision Monocular, his career. In addi|84
824633720928||2011-03-25T15:35:02.875+0000|41.217.248.120|Internet Explorer|uz|About Armasight Spark CORE Multi-Purpose Night Vision Monocular, ca concert and was shot in the|95
274877907075||2010-06-08T06:02:17.379+0000|222.165.139.93|Internet Explorer|uz|About Armasight Spark CORE Multi-Purpose Night Vision Monocular, ish) is a retired professional tennAb|102
1374389534855||2011-10-16T04:29:54.999+0000|82.114.182.233|Internet Explorer|uz|About Armasight Spark CORE Multi-Purpose Night Vision Monocular, n 2000 and Umag in 2001. At the About Swagman XTC-4 Cross-Country 4-Bike Hitch Mount Rack (2-Inch Receiver Hitch), ecop (1994), which was his higheAbout|217
2061584302227||2012-09-11T17:51:29.466+0000|204.152.14.76|Internet Explorer|uz|About Armasight Spark CORE Multi-Purpose Night Vision Monocular, Roitman was at a HermétiAbout |95
274877907111||2010-07-25T09:18:16.100+0000|103.4.109.58|Internet Explorer|uz|About Armasight Spark CORE Multi-Purpose Night Vision Monocular, ergio Andres Roitman (born May 16, 1979) in Buenos Aires, Argentina, nicknamAbout Diana RWS 34 Meisterschutze Pro Compact air rifle, layer. He reached his caree|225
1786706395304||2012-04-13T00:09:46.347+0000|204.79.178.236|Internet Explorer|uz|About Armasight Spark CORE Multi-Purpose Night Vision Monocular, mética concert and was shAbout Schwinn 425 Elliptical Trainer (2013), Rock and Rol|147
137438953643||2010-04-30T15:39:52.441+0000|196.1.112.229|Internet Explorer|uz|About Armasight Spark CORE Multi-Purpose Night Vision Monocular, eved his career-high singles ranking of # 62 on October 8, 2007About RCBS 10-10 Mechanical Scale, seph I (26 July 1678 – 17 April 1711), Holy Roman Emperor, KingAbout Powertec Fitness|248
1099511627955||2011-07-17T22:44:01.740+0000|27.50.69.98|Internet Explorer|uz|About Armasight Spark CORE Multi-Purpose Night Vision Monocular,  62 on October 8, 200About Profile Design Carbon Stryke B|122
1924145348808||2012-07-24T20:59:36.254+0000|77.95.6.242|Internet Explorer|uz|About Armasight Spark CORE Multi-Purpose Night Vision Monocular, # 62 on October 8, 2007, and his career-high doub|114
1924145348817||2012-07-03T23:46:30.428+0000|41.190.228.183|Internet Explorer|uz|About Armasight Spark CORE Multi-Purpose Night Vision Monocular, is instead. He speaks Spanish, Portuguese, EnglAbout Advanced Elements AdvancedFrame Expedition Kayak, lie of Hesse-Kassel (or Hesse-Cassel) on 14 MayAbout Topeak Two|231
1649267441919||2012-03-23T23:55:19.314+0000|91.217.123.162|Internet Explorer|uz|About Armasight Spark CORE Multi-Purpose Night Vision Monocular, tina, nicknamed Escopeta (Shotgun in Spanish) About Topeak Two Up TuneUp Bike Stand, liday and in Johnny English and its sequel JohAbout NIKON M-223 BDC 600 8487 2-|229
962072674562||2011-06-03T06:39:24.289+0000|46.20.59.170|Internet Explorer|uz|About Armasight Spark CORE Multi-Purpose Night Vision Monocular, , 2009, was # 107, and his douAbout Crimson Trace La|117
687194767630||2010-12-16T15:17:30.712+0000|186.0.67.129|Internet Explorer|uz|About Armasight Spark CORE Multi-Purpose Night Vision Monocular, has won several ChalleAbout Advanced Elements AdvancedFrame Expedi|131
137438953758||2010-05-13T08:16:10.915+0000|202.61.0.171|Internet Explorer|uz|About Armasight Spark CORE Multi-Purpose Night Vision Monocular, h doubles ranking of # 4About|94
274877907233||2010-06-17T02:02:13.007+0000|196.2.92.242|Internet Explorer|uz|About Armasight Spark CORE Multi-Purpose Night Vision Monocular, ot in the stomach with a rubber bullet. About Total |117
1374389535010||2011-11-12T09:33:43.189+0000|64.40.251.198|Internet Explorer|uz|About Armasight Spark CORE Multi-Purpose Night Vision Monocular, erdam in 2000 and UAbout Advanced Elements AdvancedFrame Exped|127
412316860718||2010-08-14T03:39:10.889+0000|109.242.168.217|Internet Explorer|uz|About Armasight Spark CORE Multi-Purpose Night Vision Monocular, s of September 8, 2008. His sinAbout Schwinn 425 Elliptic|122
1786706395439||2012-05-04T19:07:28.416+0000|116.212.128.18|Internet Explorer|uz|About Armasight Spark CORE Multi-Purpose Night Vision Monocular, f 6 and 12, but chose tennis insteaAbou|104
824633721136||2011-03-16T07:55:25.773+0000|91.226.113.179|Internet Explorer|uz|About Armasight Spark CORE Multi-Purpose Night Vision Monocular, an was at a HerméAbout Zero Tolerance ZT0560 Hi|112
1099511628086||2011-06-28T10:36:54.576+0000|113.52.152.79|Internet Explorer|uz|About Armasight Spark CORE Multi-Purpose Night Vision Monocular, panish, Portuguese, English About ATN MK350 Guardian Gen 1+ 2.5x Magnification Night Vision Rifle Scop|167
412316860735||2010-09-07T14:44:27.953+0000|31.42.255.156|Internet Explorer|uz|About Armasight Spark CORE Multi-Purpose Night Vision Monocular, t and was shot in the stAbout RCBS 10-10 Mechanical S|118
1374389535044||2011-11-07T17:16:00.031+0000|89.19.21.11|Internet Explorer|uz|About Armasight Spark CORE Multi-Purpose Night Vision Monocular,  17 Roitman was at a Hermética concert and was shot in the sCarole Bayer Sager (born March 8, 1947) is an American|179
687194767699||2010-12-26T09:42:19.795+0000|31.6.87.121|Internet Explorer|uz|About Armasight Spark CORE Multi-Purpose Night Vision Monocular, nking of # 62 on October 8, 2007, aAbo|103
412316860780||2010-08-16T17:41:33.593+0000|200.71.86.67|Internet Explorer|uz|About Armasight Spark CORE Multi-Purpose Night Vision Monocular, anish) is a retired professionAbout NIKON M-223 BDC |117
1374389535093||2011-10-15T09:40:59.067+0000|46.245.238.50|Internet Explorer|uz|About Armasight Spark CORE Multi-Purpose Night Vision Monocular, gles titles in his career. In addition Roitman has won two ATAbout Citizen Men's BL8000-54L Eco-Drive Calibre 8700 P|181
1236950581630||2011-09-06T21:08:41.815+0000|80.87.208.122|Internet Explorer|uz|About Armasight Spark CORE Multi-Purpose Night Vision Monocular,  doubles titles - at Amsterdam in 2000 aAbout RCBS 1|117
1236950581631||2011-09-26T19:20:57.207+0000|46.29.36.230|Internet Explorer|uz|About Armasight Spark CORE Multi-Purpose Night Vision Monocular, ish, PortugueseAbout Casio Men's PRW|101
1099511628173||2011-07-25T23:29:32.361+0000|91.191.56.100|Internet Explorer|uz|About Armasight Spark CORE Multi-Purpose Night Vision Monocular, les ranking as of April 27, 2009, was # 1About Topeak Two Up TuneUp Bike Stand,  Thin Blue Line. He has been listed in ThAbout PowerLine P|203
2061584302494||2012-08-25T13:06:18.879+0000|109.74.35.23|Internet Explorer|uz|About Armasight Spark CORE Multi-Purpose Night Vision Monocular, -high doubles ranking of About Sc|98
274877907367||2010-07-22T08:26:13.649+0000|31.133.58.164|Internet Explorer|uz|About Armasight Spark CORE Multi-Purpose Night Vision Monocular, al Challenger and F|84
1786706395566||2012-04-17T05:39:34.702+0000|186.190.187.199|Internet Explorer|uz|About Armasight Spark CORE Multi-Purpose Night Vision Monocular,  doubles ranking of # About Cold Steel US Ma|109
2061584302527||2012-09-21T22:54:52.570+0000|41.220.240.27|Internet Explorer|uz|About Armasight Spark CORE Multi-Purpose Night Vision Monocular, man (born MaAbout Marcy Classi|95
1374389535177||2011-12-05T05:35:15.727+0000|46.235.10.247|Internet Explorer|uz|About Armasight Spark CORE Multi-Purpose Night Vision Monocular, rdam in 2000 and Umag iAbout Schwinn 420 Elli|110
2061584302540||2012-09-16T18:21:57.026+0000|31.216.4.109|Internet Explorer|uz|About Armasight Spark CORE Multi-Purpose Night Vision Monocular, anking was # 57. He h|86
549755814351||2010-11-24T04:47:12.247+0000|78.143.191.96|Internet Explorer|uz|About Armasight Spark CORE Multi-Purpose Night Vision Monocular, in tour singles titles, butAbout Schwinn 425 Elliptical Trainer (2013), d musician who has sold |161
1374389535204||2011-11-14T12:35:48.013+0000|59.113.39.65|Internet Explorer|uz|About Armasight Spark CORE Multi-Purpose Night Vision Monocular, singles titleAbout Schwinn 450 Ell|99
549755814388||2010-10-29T13:02:19.601+0000|200.89.85.201|Internet Explorer|uz|About Armasight Spark CORE Multi-Purpose Night Vision Monocular, l tennis player from ArgAbo|92
1374389535227||2011-11-20T20:21:50.604+0000|79.122.52.87|Internet Explorer|uz|About Armasight Spark CORE Multi-Purpose Night Vision Monocular,  singles titles in his career. In aAbou|104
412316860937||2010-08-18T15:33:11.158+0000|196.1.53.63|Internet Explorer|uz|About Armasight Spark CORE Multi-Purpose Night Vision Monocular, is instead. He spAbout Swagman XT|98
1511828488745||2011-12-10T17:52:39.009+0000|31.185.251.75|Internet Explorer|uz|About Armasight Spark CORE Multi-Purpose Night Vision Monocular, ingles titles in his career. In additAbout Bo|110
962072674866||2011-06-01T04:19:37.051+0000|79.170.147.180|Internet Explorer|uz|About Armasight Spark CORE Multi-Purpose Night Vision Monocular, a concert and was shoAbout Diana RWS 3|103
1236950581829||2011-09-06T18:47:50.591+0000|41.86.8.168|Internet Explorer|uz|About Armasight Spark CORE Multi-Purpose Night Vision Monocular, tman (born May 16, 1979A|89
2061584302676||2012-08-29T02:28:11.536+0000|81.25.252.192|Internet Explorer|uz|About Armasight Spark CORE Multi-Purpose Night Vision Monocular, 9) in Buenos Aires, ArgAbout Schwinn 240 Recum|111
274877907546||2010-07-21T14:14:44.105+0000|190.5.146.57|Internet Explorer|uz|About Armasight Spark CORE Multi-Purpose Night Vision Monocular, sterdam in 2000 and Umag in 2001. At the age of 17 RoitmAbout Crimson Trace Lasergrip for Glock-G-Series 26, iel's departure in 1975, Collins became the grou|222
1099511628397||2011-07-24T07:57:29.862+0000|91.208.41.219|Internet Explorer|uz|About Armasight Spark CORE Multi-Purpose Night Vision Monocular, tennis player fAbout|85
1649267442288||2012-03-24T07:17:56.524+0000|31.211.182.38|Internet Explorer|uz|About Armasight Spark CORE Multi-Purpose Night Vision Monocular, 2 on October About V|85
2061584302709||2012-09-25T17:23:05.425+0000|41.138.196.63|Internet Explorer|uz|About Armasight Spark CORE Multi-Purpose Night Vision Monocular,  and was shot in the stomach with a rubber bullet. About Cold Steel US Marine NCO Saber with Leather Scabbard,  and weighs 176 lbs (80 kg)|203
412316861051||2010-08-05T06:08:54.206+0000|77.222.217.16|Internet Explorer|uz|About Armasight Spark CORE Multi-Purpose Night Vision Monocular, eer. In additioAbout |86
1924145349256||2012-06-19T11:19:24.599+0000|61.5.200.133|Internet Explorer|uz|About Armasight Spark CORE Multi-Purpose Night Vision Monocular, our singles titles,About Nikon Archers Choice La|113
412316861074||2010-09-03T14:01:45.802+0000|41.86.8.236|Internet Explorer|uz|About Armasight Spark CORE Multi-Purpose Night Vision Monocular, is career. In additiAbout Lifeti|97
1511828488851||2011-12-25T14:45:49.427+0000|41.138.53.138|Internet Explorer|uz|About Armasight Spark CORE Multi-Purpose Night Vision Monocular, is doubles ranking was # About IS|98
664||2010-03-13T02:55:18.364+0000|62.231.226.60|Internet Explorer|uz|About Armasight Spark CORE Multi-Purpose Night Vision Monocular, Challenger and Futures singles titles in |106
687194768025||2010-12-29T12:15:04.852+0000|196.3.109.216|Internet Explorer|uz|About Armasight Spark CORE Multi-Purpose Night Vision Monocular, er. In addition RoitmanAbout Genuine Italian Off|113
1374389535387||2011-11-11T11:44:10.126+0000|62.128.32.235|Internet Explorer|uz|About Armasight Spark CORE Multi-Purpose Night Vision Monocular,  tour singles titles, butAbout ATN|99
962072674974||2011-05-12T09:59:04.998+0000|84.32.225.0|Internet Explorer|uz|About Armasight Spark CORE Multi-Purpose Night Vision Monocular, l piano between the ages oAbout Horizon Fitness T101-04 Treadmill, ian actress best known forAbout Alpen 20-60x80 An|181
1374389535395||2011-10-17T10:48:19.320+0000|27.34.137.22|Internet Explorer|uz|About Armasight Spark CORE Multi-Purpose Night Vision Monocular, t the age of 17 Roitman was at a HermétAbout NIKON|115
549755814579||2010-10-09T19:38:08.309+0000|24.141.255.64|Internet Explorer|uz|About ASICS Asics Led Light Light,  as a result of About Rada Cutlery R210 Sportsman Knife with|95
687194768059||2011-01-07T08:01:37.011+0000|116.214.108.101|Internet Explorer|uz|About RUKO 2-1/2-Inch Blade Neck/Boot Knife with Plain Edge Corded Wrapped Handle and Zytel Sheath, ebruary 3, 1|112
687194768073||2011-01-07T16:33:52.011+0000|199.103.75.74|Internet Explorer|uz|About RUKO 2-1/2-Inch Blade Neck/Boot Knife with Plain Edge Corded Wrapped Handle and Zytel Sheat|97
962072675019||2011-05-08T17:26:15.817+0000|200.115.78.160|Internet Explorer|uz|About Black Diamond Mini Pearabiner Screwgate Carabiner, ponsor is Topper and his rac|85
274877907663||2010-07-24T22:58:05.997+0000|61.4.77.76|Internet Explorer|uz|About AIM Cartridge Laser Rifle Bore Sighter For .243 Rifle/.308/7Mm-08, uence of the Qizilbash in |99
274877907678||2010-07-25T12:46:05.996+0000|182.160.55.232|Internet Explorer|uz|About AIM Cartridge Laser Rifle Bore Sighter For .243 Rifle/.308/7Mm-08, and placed thAbout Spike'|98
549755814625||2010-10-10T07:15:38.309+0000|41.191.103.131|Internet Explorer|uz|About ASICS Asics Led Light Light, d a defensive counter-punching game frAbout Rada Cutlery R210 Sportsman Knife with Leather Scabbard and Rubber Ha|148
274877907682||2010-07-25T00:09:20.997+0000|41.191.118.174|Internet Explorer|uz|About AIM Cartridge Laser Rifle Bore Sighter For .243 Rifle/.308/7Mm-08,  the Qizilbash army, who killAbout Plane|113
274877907685||2010-07-24T23:02:35.997+0000|41.211.119.38|Internet Explorer|uz|About AIM Cartridge Laser Rifle Bore Sighter For .243 Rifle/.308/7Mm-08, d power for hiAbout Black Diamo|104
687194768116||2011-01-07T18:56:22.011+0000|212.158.188.29|Internet Explorer|uz|About RUKO 2-1/2-Inch Blade Neck/Boot Knife with Plain Edge Corded Wrapped Handle and Zytel Sh|94
137438954234||2010-05-18T00:01:10.731+0000|77.243.150.235|Internet Explorer|uz|About Marttiini Knives 14 Stainless Steel Skinner Fixed Blade Knife with Black Kraton Handle, ovember 2008, and held the job for eighteen months, until his cAbout Bounty Hunter BHJS Junio|187
549755814671||2010-10-10T02:42:38.309+0000|118.103.177.148|Internet Explorer|uz|About ASICS Asics Led Light Light, unching game from the baseline, and utilised hAbout Aerobie Sprint, th of which he attributes to seeing Tod BrowniAbout Ruger P95; P97; SR9 w/Laser ***MADE IN THE U.S.A***, ctress. She is know|227
549755814677||2010-10-09T16:41:53.309+0000|106.0.202.194|Internet Explorer|uz|About ASICS Asics Led Light Light, spended in AugusAbout Ultimate Arms Gear Tactical Micro Compact Red Dot Open|111
137438954265||2010-05-18T00:31:10.731+0000|180.131.150.209|Internet Explorer|uz|About Marttiini Knives 14 Stainless Steel Skinner Fixed Blade Knife with Black Kraton Handle, is a ret|102
687194768158||2011-01-07T14:05:22.011+0000|85.206.207.208|Internet Explorer|uz|About RUKO 2-1/2-Inch Blade Neck/Boot Knife with Plain Edge Corded Wrapped Handle and Zytel Sheath, s fa|104
962072675105||2011-05-08T15:28:30.817+0000|188.138.197.141|Internet Explorer|uz|About Black Diamond Mini Pearabiner Screwgate Carabiner, ones) is a former professAbout Uncle Mike|98
549755814697||2010-10-09T15:28:23.309+0000|193.17.173.105|Internet Explorer|uz|About ASICS Asics Led Light Light, illermo Vilas. His highest singles ranking was 8th (June 2005). UpoAbout Kryptonite Kryptoflex 1218 Key Cable Bicycle Lock (1/2-Inch x 6-Foot), s Privy Council for|198
137438954302||2010-05-18T05:28:10.731+0000|94.199.20.156|Internet Explorer|uz|About Marttiini Knives 14 Stainless Steel Skinner Fixed Blade Knife with Black Kraton Hand|90
549755814733||2010-10-10T05:55:23.309+0000|46.45.108.205|Internet Explorer|uz|About ASICS Asics Led Light Light, fensive counter-punching game from the baseliAbout Cat Eye Nano Shot Headlight, Bee Gees, formed with his brothers. Their youAbout Shimano CS-HG20 7-Speed Cassette, Brown, 12-31T,  eigh|220
549755814748||2010-10-10T03:13:23.309+0000|213.55.113.45|Internet Explorer|uz|About ASICS Asics Led Light Light, ine professional tennis player. He wasAbout Kool Stop Avid Elixir Organic Dis|112
137438954342||2010-05-17T14:12:25.731+0000|46.204.136.191|Internet Explorer|uz|About Marttiini Knives 14 Stainless Steel Skinner Fixed Blade Knife with Black Kraton Handle, l his weight gain,About C|119
687194768243||2011-01-07T21:06:52.011+0000|31.7.168.131|Internet Explorer|uz|About RUKO 2-1/2-Inch Blade Neck/Boot Knife with Plain Edge Corded Wrapped Handle and Zytel Sheath, erlocq's favourite |119
137438954372||2010-05-18T00:38:40.731+0000|195.88.122.92|Internet Explorer|uz|About Marttiini Knives 14 Stainless Steel Skinner Fixed Blade Knife with Black Kraton H|87
687194768279||2011-01-08T03:47:22.011+0000|115.84.239.166|Internet Explorer|uz|About RUKO 2-1/2-Inch Blade Neck/Boot Knife with Plain Edge Corded Wrapped Handle and Zytel Sheath, rlocq's favour|114
687194768281||2011-01-07T22:15:52.011+0000|190.93.238.234|Internet Explorer|uz|About RUKO 2-1/2-Inch Blade Neck/Boot Knife with Plain Edge Corded Wrapped Handle and Zytel Sh|94
549755814811||2010-10-09T21:16:23.309+0000|196.1.97.246|Internet Explorer|uz|About ASICS Asics Led Light Light,  Cañas Tennis AcadAbout Military Law Enforcement M4 |87
549755814824||2010-10-09T03:44:08.309+0000|180.178.127.180|Internet Explorer|uz|About ASICS Asics Led Light Light, ter at Crandon Park on Key Biscayne, Florida. Cañas played a defeAbout Gunslick 500-Count Bulk Cotton Patches (.280-.35 Caliber), se another two studio albums,|194
549755814834||2010-10-09T15:35:53.309+0000|192.100.156.176|Internet Explorer|uz|About ASICS Asics Led Light Light,  Vilas. His hAbout Sigma BC 1909 STS Triple Wireless Bicycle Spee|100
687194768327||2011-01-08T05:49:37.011+0000|31.10.32.222|Internet Explorer|uz|About RUKO 2-1/2-Inch Blade Neck/Boot Knife with Plain Edge Corded Wrapped Handle and Zytel Sheath, , 1983 in Ch|112
1374389535700|photo1374389535700.jpg|2011-12-04T01:34:58.827+0000|41.138.53.138|Internet Explorer|||0
1374389535701|photo1374389535701.jpg|2011-12-04T01:34:59.827+0000|41.138.53.138|Internet Explorer|||0
1374389535702|photo1374389535702.jpg|2011-12-04T01:35:00.827+0000|41.138.53.138|Internet Explorer|||0
1374389535703|photo1374389535703.jpg|2011-12-04T01:35:01.827+0000|41.138.53.138|Internet Explorer|||0
1374389535704|photo1374389535704.jpg|2011-12-04T01:35:02.827+0000|41.138.53.138|Internet Explorer|||0
1374389535705|photo1374389535705.jpg|2011-12-04T01:35:03.827+0000|41.138.53.138|Internet Explorer|||0
1374389535706|photo1374389535706.jpg|2011-12-04T01:35:04.827+0000|41.138.53.138|Internet Explorer|||0
1374389535707|photo1374389535707.jpg|2011-12-04T01:35:05.827+0000|41.138.53.138|Internet Explorer|||0
1374389535708|photo1374389535708.jpg|2011-12-04T01:35:06.827+0000|41.138.53.138|Internet Explorer|||0
1374389535709|photo1374389535709.jpg|2011-12-04T01:35:07.827+0000|41.138.53.138|Internet Explorer|||0
1374389535710|photo1374389535710.jpg|2011-12-04T01:35:08.827+0000|41.138.53.138|Internet Explorer|||0
1374389535711|photo1374389535711.jpg|2011-12-04T01:35:09.827+0000|41.138.53.138|Internet Explorer|||0
1374389535712|photo1374389535712.jpg|2011-12-04T01:35:10.827+0000|41.138.53.138|Internet Explorer|||0
1374389535713|photo1374389535713.jpg|2011-12-04T01:35:11.827+0000|41.138.53.138|Internet Explorer|||0
1374389535714|photo1374389535714.jpg|2011-12-04T01:35:12.827+0000|41.138.53.138|Internet Explorer|||0
1374389535715|photo1374389535715.jpg|2011-12-04T01:35:13.827+0000|41.138.53.138|Internet Explorer|||0
1374389535716|photo1374389535716.jpg|2011-12-04T01:35:14.827+0000|41.138.53.138|Internet Explorer|||0
1374389535717|photo1374389535717.jpg|2011-12-04T01:35:15.827+0000|41.138.53.138|Internet Explorer|||0
1374389535718|photo1374389535718.jpg|2011-12-04T01:35:16.827+0000|41.138.53.138|Internet Explorer|||0
549755814887|photo549755814887.jpg|2010-11-19T17:12:06.001+0000|41.138.53.138|Internet Explorer|||0
549755814888|photo549755814888.jpg|2010-11-19T17:12:07.001+0000|41.138.53.138|Internet Explorer|||0
549755814889|photo549755814889.jpg|2010-11-19T17:12:08.001+0000|41.138.53.138|Internet Explorer|||0
549755814890|photo549755814890.jpg|2010-11-19T17:12:09.001+0000|41.138.53.138|Internet Explorer|||0
549755814891|photo549755814891.jpg|2010-11-19T17:12:10.001+0000|41.138.53.138|Internet Explorer|||0
549755814892|photo549755814892.jpg|2010-11-19T17:12:11.001+0000|41.138.53.138|Internet Explorer|||0
549755814893|photo549755814893.jpg|2010-11-19T17:12:12.001+0000|41.138.53.138|Internet Explorer|||0
549755814894|photo549755814894.jpg|2010-11-19T17:12:13.001+0000|41.138.53.138|Internet Explorer|||0
549755814895|photo549755814895.jpg|2010-11-19T17:12:14.001+0000|41.138.53.138|Internet Explorer|||0
549755814896|photo549755814896.jpg|2010-11-19T17:12:15.001+0000|41.138.53.138|Internet Explorer|||0
549755814897|photo549755814897.jpg|2010-11-19T17:12:16.001+0000|41.138.53.138|Internet Explorer|||0
549755814898|photo549755814898.jpg|2010-11-19T17:12:17.001+0000|41.138.53.138|Internet Explorer|||0
549755814899|photo549755814899.jpg|2010-11-19T17:12:18.001+0000|41.138.53.138|Internet Explorer|||0
549755814900|photo549755814900.jpg|2010-11-19T17:12:19.001+0000|41.138.53.138|Internet Explorer|||0
549755814901|photo549755814901.jpg|2010-11-19T17:12:20.001+0000|41.138.53.138|Internet Explorer|||0
549755814902|photo549755814902.jpg|2010-11-19T17:12:21.001+0000|41.138.53.138|Internet Explorer|||0
1786706396151|photo1786706396151.jpg|2012-04-10T19:52:44.244+0000|41.138.53.138|Internet Explorer|||0
1786706396152|photo1786706396152.jpg|2012-04-10T19:52:45.244+0000|41.138.53.138|Internet Explorer|||0
1786706396153|photo1786706396153.jpg|2012-04-10T19:52:46.244+0000|41.138.53.138|Internet Explorer|||0
1786706396154|photo1786706396154.jpg|2012-04-10T19:52:47.244+0000|41.138.53.138|Internet Explorer|||0
1786706396155|photo1786706396155.jpg|2012-04-10T19:52:48.244+0000|41.138.53.138|Internet Explorer|||0
1786706396156|photo1786706396156.jpg|2012-04-10T19:52:49.244+0000|41.138.53.138|Internet Explorer|||0
1786706396157|photo1786706396157.jpg|2012-04-10T19:52:50.244+0000|41.138.53.138|Internet Explorer|||0
2061584303102|photo2061584303102.jpg|2012-08-12T14:01:10.947+0000|41.138.53.138|Internet Explorer|||0
549755814911|photo549755814911.jpg|2010-10-27T12:51:46.596+0000|41.138.53.138|Internet Explorer|||0
549755814912|photo549755814912.jpg|2010-10-27T12:51:47.596+0000|41.138.53.138|Internet Explorer|||0
2061584303105|photo2061584303105.jpg|2012-09-12T12:48:43.972+0000|41.138.53.138|Internet Explorer|||0
2061584303106|photo2061584303106.jpg|2012-09-12T12:48:44.972+0000|41.138.53.138|Internet Explorer|||0
2061584303107|photo2061584303107.jpg|2012-09-12T12:48:45.972+0000|41.138.53.138|Internet Explorer|||0
2061584303108|photo2061584303108.jpg|2012-09-12T12:48:46.972+0000|41.138.53.138|Internet Explorer|||0
2061584303109|photo2061584303109.jpg|2012-09-12T12:48:47.972+0000|41.138.53.138|Internet Explorer|||0
2061584303110|photo2061584303110.jpg|2012-09-12T12:48:48.972+0000|41.138.53.138|Internet Explorer|||0
2061584303111|photo2061584303111.jpg|2012-09-12T12:48:49.972+0000|41.138.53.138|Internet Explorer|||0
2061584303112|photo2061584303112.jpg|2012-09-12T12:48:50.972+0000|41.138.53.138|Internet Explorer|||0
2061584303113|photo2061584303113.jpg|2012-09-12T12:48:51.972+0000|41.138.53.138|Internet Explorer|||0
2061584303114|photo2061584303114.jpg|2012-09-12T12:48:52.972+0000|41.138.53.138|Internet Explorer|||0
2061584303115|photo2061584303115.jpg|2012-09-12T12:48:53.972+0000|41.138.53.138|Internet Explorer|||0
2061584303116|photo2061584303116.jpg|2012-09-12T12:48:54.972+0000|41.138.53.138|Internet Explorer|||0
2061584303117|photo2061584303117.jpg|2012-09-12T12:48:55.972+0000|41.138.53.138|Internet Explorer|||0
2061584303118|photo2061584303118.jpg|2012-09-12T12:48:56.972+0000|41.138.53.138|Internet Explorer|||0
2061584303119|photo2061584303119.jpg|2012-09-12T12:48:57.972+0000|41.138.53.138|Internet Explorer|||0
2061584303120|photo2061584303120.jpg|2012-09-12T12:48:58.972+0000|41.138.53.138|Internet Explorer|||0
137438954513|photo137438954513.jpg|2010-05-28T11:18:53.761+0000|41.138.53.138|Internet Explorer|||0
137438954514|photo137438954514.jpg|2010-05-28T11:18:54.761+0000|41.138.53.138|Internet Explorer|||0
137438954515|photo137438954515.jpg|2010-05-28T11:18:55.761+0000|41.138.53.138|Internet Explorer|||0
137438954516|photo137438954516.jpg|2010-05-28T11:18:56.761+0000|41.138.53.138|Internet Explorer|||0
137438954517|photo137438954517.jpg|2010-05-28T11:18:57.761+0000|41.138.53.138|Internet Explorer|||0
137438954518|photo137438954518.jpg|2010-05-28T11:18:58.761+0000|41.138.53.138|Internet Explorer|||0
137438954519|photo137438954519.jpg|2010-05-28T11:18:59.761+0000|41.138.53.138|Internet Explorer|||0
137438954520|photo137438954520.jpg|2010-05-28T11:19:00.761+0000|41.138.53.138|Internet Explorer|||0
137438954521|photo137438954521.jpg|2010-05-28T11:19:01.761+0000|41.138.53.138|Internet Explorer|||0
137438954522|photo137438954522.jpg|2010-05-28T11:19:02.761+0000|41.138.53.138|Internet Explorer|||0
137438954523|photo137438954523.jpg|2010-05-28T11:19:03.761+0000|41.138.53.138|Internet Explorer|||0
137438954524|photo137438954524.jpg|2010-05-28T11:19:04.761+0000|41.138.53.138|Internet Explorer|||0
137438954525|photo137438954525.jpg|2010-05-28T11:19:05.761+0000|41.138.53.138|Internet Explorer|||0
137438954526|photo137438954526.jpg|2010-05-28T11:19:06.761+0000|41.138.53.138|Internet Explorer|||0
137438954527|photo137438954527.jpg|2010-05-28T11:19:07.761+0000|41.138.53.138|Internet Explorer|||0
137438954528|photo137438954528.jpg|2010-05-28T11:19:08.761+0000|41.138.53.138|Internet Explorer|||0
137438954529|photo137438954529.jpg|2010-05-28T11:19:09.761+0000|41.138.53.138|Internet Explorer|||0
137438954530|photo137438954530.jpg|2010-05-28T11:19:10.761+0000|41.138.53.138|Internet Explorer|||0
137438954531|photo137438954531.jpg|2010-05-28T11:19:11.761+0000|41.138.53.138|Internet Explorer|||0
137438954532|photo137438954532.jpg|2010-05-28T11:19:12.761+0000|41.138.53.138|Internet Explorer|||0
1786706396197|photo1786706396197.jpg|2012-05-12T00:31:30.993+0000|41.138.53.138|Internet Explorer|||0
